{
	"pattrstorage" : 	{
		"name" : "dada",
		"slots" : 		{
			"1" : 			{
				"id" : 1,
				"data" : 				{
					"slingblade" : [ 63 ],
					"mypattr" : [ 63 ],
					"number" : [ 63 ],
					"number[1]" : [ 63 ],
					"number[2]" : [ 1.8 ],
					"number[3]" : [ 0 ],
					"slider[10]" : [ 0 ],
					"slider[12]" : [ 0 ],
					"slider[13]" : [ 0 ],
					"slider[1]" : [ 120 ],
					"slider[2]" : [ 111 ],
					"slider[3]" : [ 127 ],
					"slider[4]" : [ 20 ],
					"slider[5]" : [ 104 ],
					"slider[6]" : [ 0 ],
					"slider[7]" : [ 0 ],
					"slider[8]" : [ 0 ],
					"slider[9]" : [ 0 ]
				}

			}

		}

	}

}
