{
	"pattrstorage" : 	{
		"name" : "myfive",
		"slots" : 		{
			"41" : 			{
				"id" : 41
			}
,
			"45" : 			{
				"id" : 45
			}
,
			"46" : 			{
				"id" : 46
			}
,
			"47" : 			{
				"id" : 47
			}
,
			"48" : 			{
				"id" : 48
			}
,
			"49" : 			{
				"id" : 49
			}
,
			"52" : 			{
				"id" : 52
			}
,
			"53" : 			{
				"id" : 53
			}
,
			"54" : 			{
				"id" : 54
			}
,
			"56" : 			{
				"id" : 56
			}
,
			"57" : 			{
				"id" : 57
			}
,
			"58" : 			{
				"id" : 58
			}
,
			"59" : 			{
				"id" : 59
			}
,
			"60" : 			{
				"id" : 60
			}
,
			"61" : 			{
				"id" : 61
			}
,
			"64" : 			{
				"id" : 64
			}
,
			"65" : 			{
				"id" : 65
			}
,
			"66" : 			{
				"id" : 66
			}
,
			"67" : 			{
				"id" : 67
			}
,
			"68" : 			{
				"id" : 68
			}
,
			"69" : 			{
				"id" : 69
			}
,
			"70" : 			{
				"id" : 70
			}
,
			"71" : 			{
				"id" : 71
			}
,
			"72" : 			{
				"id" : 72
			}
,
			"73" : 			{
				"id" : 73
			}
,
			"74" : 			{
				"id" : 74
			}
,
			"75" : 			{
				"id" : 75
			}
,
			"76" : 			{
				"id" : 76
			}
,
			"77" : 			{
				"id" : 77
			}
,
			"78" : 			{
				"id" : 78
			}
,
			"79" : 			{
				"id" : 79
			}
,
			"80" : 			{
				"id" : 80
			}
,
			"82" : 			{
				"id" : 82
			}
,
			"83" : 			{
				"id" : 83
			}
,
			"84" : 			{
				"id" : 84
			}
,
			"85" : 			{
				"id" : 85
			}
,
			"86" : 			{
				"id" : 86
			}
,
			"87" : 			{
				"id" : 87
			}
,
			"88" : 			{
				"id" : 88
			}
,
			"89" : 			{
				"id" : 89
			}
,
			"92" : 			{
				"id" : 92
			}
,
			"93" : 			{
				"id" : 93
			}
,
			"94" : 			{
				"id" : 94
			}
,
			"95" : 			{
				"id" : 95
			}
,
			"96" : 			{
				"id" : 96
			}
,
			"97" : 			{
				"id" : 97
			}
,
			"98" : 			{
				"id" : 98
			}
,
			"99" : 			{
				"id" : 99
			}
,
			"100" : 			{
				"id" : 100
			}
,
			"101" : 			{
				"id" : 101
			}
,
			"102" : 			{
				"id" : 102
			}
,
			"103" : 			{
				"id" : 103
			}
,
			"104" : 			{
				"id" : 104
			}
,
			"106" : 			{
				"id" : 106
			}
,
			"107" : 			{
				"id" : 107
			}
,
			"108" : 			{
				"id" : 108
			}
,
			"109" : 			{
				"id" : 109
			}
,
			"110" : 			{
				"id" : 110
			}
,
			"111" : 			{
				"id" : 111
			}
,
			"112" : 			{
				"id" : 112
			}
,
			"114" : 			{
				"id" : 114
			}
,
			"115" : 			{
				"id" : 115
			}
,
			"116" : 			{
				"id" : 116
			}
,
			"117" : 			{
				"id" : 117
			}
,
			"118" : 			{
				"id" : 118
			}
,
			"119" : 			{
				"id" : 119
			}
,
			"120" : 			{
				"id" : 120
			}

		}

	}

}
