{
	"pattrstorage" : 	{
		"name" : "u801002502",
		"slots" : 		{
			"1" : 			{
				"id" : 1,
				"data" : 				{
					"bp.Oscillator::CV2" : [ 0.0 ],
					"bp.Oscillator::CV3" : [ 0.0 ],
					"bp.Oscillator::Freq" : [ 261.625565410470585 ],
					"bp.Oscillator::FreqMode" : [ 1.0 ],
					"bp.Oscillator::Linear" : [ 0.0 ],
					"bp.Oscillator::Mute" : [ 0.0 ],
					"bp.Oscillator::Offset" : [ 0.0 ],
					"bp.Oscillator::PW" : [ 50.0 ],
					"bp.Oscillator::PWM" : [ 0.0 ],
					"bp.Oscillator::Waveform" : [ 2.0 ],
					"bp.Macro Oscillator::CV2" : [ 0.0 ],
					"bp.Macro Oscillator::CV3" : [ 0.0 ],
					"bp.Macro Oscillator::Color" : [ 0.0 ],
					"bp.Macro Oscillator::ColorCV" : [ 0.0 ],
					"bp.Macro Oscillator::Freq" : [ 261.62558000000007 ],
					"bp.Macro Oscillator::FreqMode" : [ 1.0 ],
					"bp.Macro Oscillator::Macro" : [ 0 ],
					"bp.Macro Oscillator::Mute" : [ 0.0 ],
					"bp.Macro Oscillator::Offset[2]" : [ 0.0 ],
					"bp.Macro Oscillator::Timbre" : [ 0.0 ],
					"bp.Macro Oscillator::TimbreCV" : [ 0.0 ],
					"bp.Audio Mixer::Mute" : [ 0.0 ],
					"bp.Audio Mixer::MuteCh1" : [ 0.0 ],
					"bp.Audio Mixer::MuteCh1[2]" : [ 0.0 ],
					"bp.Audio Mixer::MuteCh2" : [ 0.0 ],
					"bp.Audio Mixer::MuteCh4" : [ 0.0 ],
					"bp.Audio Mixer::in1" : [ 0.0 ],
					"bp.Audio Mixer::in2" : [ -37.417322834645731 ],
					"bp.Audio Mixer::in3" : [ -72.0 ],
					"bp.Audio Mixer::in4" : [ -72.0 ],
					"bp.VCA::Bypass" : [ 0.0 ],
					"bp.VCA::Quadrants" : [ 0.0 ],
					"bp.VCA::Response" : [ 0.0 ],
					"bp.ADSR::Attack" : [ 50.0 ],
					"bp.ADSR::Decay" : [ 49.999999999999993 ],
					"bp.ADSR::Legato" : [ 0.0 ],
					"bp.ADSR::Mute" : [ 0.0 ],
					"bp.ADSR::Release" : [ 500.0 ],
					"bp.ADSR::Sustain" : [ 70.0 ],
					"bp.Keyboard::KeyboardMode" : [ 0.0 ],
					"bp.Keyboard::MIDIPort" : [ "to Max 1" ],
					"bp.Keyboard::Octave" : [ 0.0 ],
					"bp.Keyboard::RepeatInterval" : [ 250.0 ],
					"bp.Keyboard::kslider" : [ -1 ],
					"bp.Keyboard::live.text" : [ 1.0 ],
					"bp.Keyboard::octave" : [ 2.0 ],
					"bp.Keyboard::velocity" : [ 64 ],
					"bp.Keyboard::pitch" : [ 1.0 ],
					"bp.Keyboard::patcher::velocity" : [ 0.838241676483353 ],
					"bp.Keyboard::patcher[1]::gate" : [ 0 ],
					"bp.Reverb 1::Cutoff" : [ 12531.810714000002918 ],
					"bp.Reverb 1::Mix" : [ 71.811024000000003 ],
					"bp.Reverb 1::Reflections" : [ 88.661417 ],
					"bp.Reverb 1::Time" : [ 2141.732282999999825 ],
					"bp.Reverb 1::bypass" : [ 0.0 ],
					"bp.Reverb 1[1]::Cutoff" : [ 12531.810714000002918 ],
					"bp.Reverb 1[1]::Mix" : [ 71.811024000000003 ],
					"bp.Reverb 1[1]::Reflections" : [ 88.661417 ],
					"bp.Reverb 1[1]::Time" : [ 5606.299212133853871 ],
					"bp.Reverb 1[1]::bypass" : [ 0.0 ]
				}

			}
,
			"2" : 			{
				"id" : 2,
				"data" : 				{
					"bp.Oscillator::CV2" : [ 0.0 ],
					"bp.Oscillator::CV3" : [ 0.0 ],
					"bp.Oscillator::Freq" : [ 261.625565410470585 ],
					"bp.Oscillator::FreqMode" : [ 1.0 ],
					"bp.Oscillator::Linear" : [ 0.0 ],
					"bp.Oscillator::Mute" : [ 0.0 ],
					"bp.Oscillator::Offset" : [ 0.0 ],
					"bp.Oscillator::PW" : [ 50.0 ],
					"bp.Oscillator::PWM" : [ 0.0 ],
					"bp.Oscillator::Waveform" : [ 2.0 ],
					"bp.Macro Oscillator::CV2" : [ 0.0 ],
					"bp.Macro Oscillator::CV3" : [ 0.0 ],
					"bp.Macro Oscillator::Color" : [ 0.0 ],
					"bp.Macro Oscillator::ColorCV" : [ 0.0 ],
					"bp.Macro Oscillator::Freq" : [ 261.625565410470585 ],
					"bp.Macro Oscillator::FreqMode" : [ 1.0 ],
					"bp.Macro Oscillator::Macro" : [ 0 ],
					"bp.Macro Oscillator::Mute" : [ 0.0 ],
					"bp.Macro Oscillator::Offset[2]" : [ 0.0 ],
					"bp.Macro Oscillator::Timbre" : [ 1.417322834645667 ],
					"bp.Macro Oscillator::TimbreCV" : [ 0.0 ],
					"bp.Audio Mixer::Mute" : [ 0.0 ],
					"bp.Audio Mixer::MuteCh1" : [ 0.0 ],
					"bp.Audio Mixer::MuteCh1[2]" : [ 0.0 ],
					"bp.Audio Mixer::MuteCh2" : [ 0.0 ],
					"bp.Audio Mixer::MuteCh4" : [ 0.0 ],
					"bp.Audio Mixer::in1" : [ 0.0 ],
					"bp.Audio Mixer::in2" : [ -6.803149606299328 ],
					"bp.Audio Mixer::in3" : [ -72.0 ],
					"bp.Audio Mixer::in4" : [ -72.0 ],
					"bp.VCA::Bypass" : [ 0.0 ],
					"bp.VCA::Quadrants" : [ 0.0 ],
					"bp.VCA::Response" : [ 0.0 ],
					"bp.ADSR::Attack" : [ 795.198781951552064 ],
					"bp.ADSR::Decay" : [ 49.999999999999993 ],
					"bp.ADSR::Legato" : [ 0.0 ],
					"bp.ADSR::Mute" : [ 0.0 ],
					"bp.ADSR::Release" : [ 500.0 ],
					"bp.ADSR::Sustain" : [ 70.0 ],
					"bp.Keyboard::KeyboardMode" : [ 0.0 ],
					"bp.Keyboard::MIDIPort" : [ "to Max 1" ],
					"bp.Keyboard::Octave" : [ 0.0 ],
					"bp.Keyboard::RepeatInterval" : [ 250.0 ],
					"bp.Keyboard::kslider" : [ -1 ],
					"bp.Keyboard::live.text" : [ 1.0 ],
					"bp.Keyboard::octave" : [ 2.0 ],
					"bp.Keyboard::velocity" : [ 64 ],
					"bp.Keyboard::pitch" : [ 0.75 ],
					"bp.Keyboard::patcher::velocity" : [ 0.111910223820448 ],
					"bp.Keyboard::patcher[1]::gate" : [ 0 ],
					"bp.Reverb 1::Cutoff" : [ 12531.810714000002918 ],
					"bp.Reverb 1::Mix" : [ 71.811024000000003 ],
					"bp.Reverb 1::Reflections" : [ 88.661417 ],
					"bp.Reverb 1::Time" : [ 2141.732282999999825 ],
					"bp.Reverb 1::bypass" : [ 0.0 ],
					"bp.Reverb 1[1]::Cutoff" : [ 12531.810714000002918 ],
					"bp.Reverb 1[1]::Mix" : [ 71.811024000000003 ],
					"bp.Reverb 1[1]::Reflections" : [ 88.661417 ],
					"bp.Reverb 1[1]::Time" : [ 5606.299212133853871 ],
					"bp.Reverb 1[1]::bypass" : [ 0.0 ]
				}

			}
,
			"3" : 			{
				"id" : 3,
				"data" : 				{
					"bp.Oscillator::CV2" : [ 0.0 ],
					"bp.Oscillator::CV3" : [ 0.0 ],
					"bp.Oscillator::Freq" : [ 261.625565410470585 ],
					"bp.Oscillator::FreqMode" : [ 1.0 ],
					"bp.Oscillator::Linear" : [ 0.0 ],
					"bp.Oscillator::Mute" : [ 0.0 ],
					"bp.Oscillator::Offset" : [ 0.0 ],
					"bp.Oscillator::PW" : [ 50.0 ],
					"bp.Oscillator::PWM" : [ 0.0 ],
					"bp.Oscillator::Waveform" : [ 2.0 ],
					"bp.Macro Oscillator::CV2" : [ 0.0 ],
					"bp.Macro Oscillator::CV3" : [ 0.0 ],
					"bp.Macro Oscillator::Color" : [ 0.0 ],
					"bp.Macro Oscillator::ColorCV" : [ 0.0 ],
					"bp.Macro Oscillator::Freq" : [ 261.625565410470585 ],
					"bp.Macro Oscillator::FreqMode" : [ 1.0 ],
					"bp.Macro Oscillator::Macro" : [ 0 ],
					"bp.Macro Oscillator::Mute" : [ 0.0 ],
					"bp.Macro Oscillator::Offset[2]" : [ 0.0 ],
					"bp.Macro Oscillator::Timbre" : [ 1.417322834645667 ],
					"bp.Macro Oscillator::TimbreCV" : [ 0.0 ],
					"bp.Audio Mixer::Mute" : [ 0.0 ],
					"bp.Audio Mixer::MuteCh1" : [ 0.0 ],
					"bp.Audio Mixer::MuteCh1[2]" : [ 0.0 ],
					"bp.Audio Mixer::MuteCh2" : [ 0.0 ],
					"bp.Audio Mixer::MuteCh4" : [ 0.0 ],
					"bp.Audio Mixer::in1" : [ -37.98425196850387 ],
					"bp.Audio Mixer::in2" : [ -11.338582677165462 ],
					"bp.Audio Mixer::in3" : [ -72.0 ],
					"bp.Audio Mixer::in4" : [ -72.0 ],
					"bp.VCA::Bypass" : [ 0.0 ],
					"bp.VCA::Quadrants" : [ 0.0 ],
					"bp.VCA::Response" : [ 0.0 ],
					"bp.ADSR::Attack" : [ 286.655209368946771 ],
					"bp.ADSR::Decay" : [ 49.999999999999993 ],
					"bp.ADSR::Legato" : [ 0.0 ],
					"bp.ADSR::Mute" : [ 0.0 ],
					"bp.ADSR::Release" : [ 2697.780395560786474 ],
					"bp.ADSR::Sustain" : [ 70.0 ],
					"bp.Keyboard::KeyboardMode" : [ 0.0 ],
					"bp.Keyboard::MIDIPort" : [ "to Max 1" ],
					"bp.Keyboard::Octave" : [ 0.0 ],
					"bp.Keyboard::RepeatInterval" : [ 250.0 ],
					"bp.Keyboard::kslider" : [ -1 ],
					"bp.Keyboard::live.text" : [ 1.0 ],
					"bp.Keyboard::octave" : [ 2.0 ],
					"bp.Keyboard::velocity" : [ 64 ],
					"bp.Keyboard::pitch" : [ -0.583333333333334 ],
					"bp.Keyboard::patcher::velocity" : [ 0.243040486080972 ],
					"bp.Keyboard::patcher[1]::gate" : [ 0 ],
					"bp.Reverb 1::Cutoff" : [ 12531.810714000002918 ],
					"bp.Reverb 1::Mix" : [ 71.811024000000003 ],
					"bp.Reverb 1::Reflections" : [ 88.661417 ],
					"bp.Reverb 1::Time" : [ 2141.732282999999825 ],
					"bp.Reverb 1::bypass" : [ 0.0 ],
					"bp.Reverb 1[1]::Cutoff" : [ 12531.810714000002918 ],
					"bp.Reverb 1[1]::Mix" : [ 71.811024000000003 ],
					"bp.Reverb 1[1]::Reflections" : [ 88.661417 ],
					"bp.Reverb 1[1]::Time" : [ 5606.299212133853871 ],
					"bp.Reverb 1[1]::bypass" : [ 0.0 ]
				}

			}

		}

	}

}
