{
	"pattrstorage" : 	{
		"name" : "u348007201",
		"slots" : 		{
			"1" : 			{
				"id" : 1,
				"data" : 				{
					"bp.Keyboard::KeyboardMode" : [ 0.0 ],
					"bp.Keyboard::MIDIPort" : [ "to Max 1" ],
					"bp.Keyboard::Octave" : [ 0.0 ],
					"bp.Keyboard::RepeatInterval" : [ 250.0 ],
					"bp.Keyboard::kslider" : [ -1 ],
					"bp.Keyboard::live.text" : [ 1.0 ],
					"bp.Keyboard::octave" : [ 2.0 ],
					"bp.Keyboard::velocity" : [ 64 ],
					"bp.Keyboard::pitch" : [ -0.666666666666666 ],
					"bp.Keyboard::patcher::velocity" : [ 0.136710273420547 ],
					"bp.Keyboard::patcher[1]::gate" : [ 0 ],
					"bp.Granular::sample" : [ "cherokee.aif" ],
					"bp.Granular::CV2" : [ 0.0 ],
					"bp.Granular::Duration" : [ 253.800000000000011 ],
					"bp.Granular::DurationRandomAmt" : [ 50.0 ],
					"bp.Granular::MaxGrains" : [ 16.0 ],
					"bp.Granular::Mute" : [ 0.0 ],
					"bp.Granular::NewGrainEvery" : [ 5.0 ],
					"bp.Granular::Offset" : [ 0.0 ],
					"bp.Granular::Pan" : [ 0.0 ],
					"bp.Granular::PanRandomAmt" : [ 50.0 ],
					"bp.Granular::PitchRandomAmt" : [ 0.0 ],
					"bp.Granular::Position" : [ -1.64 ],
					"bp.Granular::PositionCV" : [ 0.0 ],
					"bp.Granular::Width" : [ 0.2275 ],
					"bp.Granular::live.button" : [ 0.0 ],
					"bp.Granular::location-lo-hi" : [ 313, 357 ],
					"bp.VCA::Bypass" : [ 0.0 ],
					"bp.VCA::Quadrants" : [ 0.0 ],
					"bp.VCA::Response" : [ 0.0 ],
					"bp.ADSR2::Attack" : [ 50.0 ],
					"bp.ADSR2::Decay" : [ 49.999999999999993 ],
					"bp.ADSR2::Release" : [ 50.0 ],
					"bp.ADSR2::Sustain" : [ 80.0 ],
					"bp.ADSR2::attack curve" : [ 1.0 ],
					"bp.ADSR2::decay curve" : [ 1.0 ],
					"bp.ADSR2::mute" : [ 0.0 ],
					"bp.ADSR2::release curve" : [ 1.0 ],
					"bp.Audio Mixer::Mute" : [ 0.0 ],
					"bp.Audio Mixer::MuteCh1" : [ 0.0 ],
					"bp.Audio Mixer::MuteCh1[2]" : [ 0.0 ],
					"bp.Audio Mixer::MuteCh2" : [ 0.0 ],
					"bp.Audio Mixer::MuteCh4" : [ 0.0 ],
					"bp.Audio Mixer::in1" : [ 0.0 ],
					"bp.Audio Mixer::in2" : [ -22.677165354330789 ],
					"bp.Audio Mixer::in3" : [ 0.0 ],
					"bp.Audio Mixer::in4" : [ -72.0 ],
					"bp.Reverb 1::Cutoff" : [ 12531.810714000002918 ],
					"bp.Reverb 1::Mix" : [ 71.811024000000003 ],
					"bp.Reverb 1::Reflections" : [ 88.661417 ],
					"bp.Reverb 1::Time" : [ 2141.732282999999825 ],
					"bp.Reverb 1::bypass" : [ 0.0 ],
					"bp.Cloud::CV2" : [ 0.0 ],
					"bp.Cloud::CV3" : [ 0.0 ],
					"bp.Cloud::Fatness" : [ 0.7 ],
					"bp.Cloud::Freq" : [ 261.625565410470585 ],
					"bp.Cloud::FreqMode" : [ 1.0 ],
					"bp.Cloud::Linear" : [ 0.0 ],
					"bp.Cloud::Mute" : [ 0.0 ],
					"bp.Cloud::Offset[2]" : [ 0.0 ],
					"bp.Cloud::WaveformCloud" : [ 1.0 ],
					"bp.Oscillator::CV2" : [ 0.0 ],
					"bp.Oscillator::CV3" : [ 0.0 ],
					"bp.Oscillator::Freq" : [ 261.625565410470585 ],
					"bp.Oscillator::FreqMode" : [ 1.0 ],
					"bp.Oscillator::Linear" : [ 0.0 ],
					"bp.Oscillator::Mute" : [ 0.0 ],
					"bp.Oscillator::Offset" : [ 0.0 ],
					"bp.Oscillator::PW" : [ 50.0 ],
					"bp.Oscillator::PWM" : [ 100.0 ],
					"bp.Oscillator::Waveform" : [ 1.0 ],
					"bp.LFO3::CV" : [ 100.0 ],
					"bp.LFO3::Frequency" : [ 23.221469238403216 ],
					"bp.LFO3::Mute" : [ 0.0 ],
					"bp.LFO3::SpectraShape" : [ 0.0 ]
				}

			}
,
			"2" : 			{
				"id" : 2,
				"data" : 				{
					"bp.Keyboard::KeyboardMode" : [ 1.0 ],
					"bp.Keyboard::MIDIPort" : [ "to Max 1" ],
					"bp.Keyboard::Octave" : [ 0.0 ],
					"bp.Keyboard::RepeatInterval" : [ 250.0 ],
					"bp.Keyboard::kslider" : [ -1 ],
					"bp.Keyboard::live.text" : [ 1.0 ],
					"bp.Keyboard::octave" : [ 2.0 ],
					"bp.Keyboard::velocity" : [ 64 ],
					"bp.Keyboard::pitch" : [ -0.25 ],
					"bp.Keyboard::patcher::velocity" : [ 0.297910595821192 ],
					"bp.Keyboard::patcher[1]::gate" : [ 5 ],
					"bp.Granular::sample" : [ "cherokee.aif" ],
					"bp.Granular::CV2" : [ 0.0 ],
					"bp.Granular::Duration" : [ 253.800000000000011 ],
					"bp.Granular::DurationRandomAmt" : [ 50.0 ],
					"bp.Granular::MaxGrains" : [ 16.0 ],
					"bp.Granular::Mute" : [ 0.0 ],
					"bp.Granular::NewGrainEvery" : [ 5.0 ],
					"bp.Granular::Offset" : [ 0.0 ],
					"bp.Granular::Pan" : [ 0.0 ],
					"bp.Granular::PanRandomAmt" : [ 50.0 ],
					"bp.Granular::PitchRandomAmt" : [ 0.0 ],
					"bp.Granular::Position" : [ 2.982 ],
					"bp.Granular::PositionCV" : [ 0.0 ],
					"bp.Granular::Width" : [ 0.2275 ],
					"bp.Granular::live.button" : [ 0.0 ],
					"bp.Granular::location-lo-hi" : [ 775, 819 ],
					"bp.VCA::Bypass" : [ 0.0 ],
					"bp.VCA::Quadrants" : [ 0.0 ],
					"bp.VCA::Response" : [ 0.0 ],
					"bp.ADSR2::Attack" : [ 50.0 ],
					"bp.ADSR2::Decay" : [ 49.999999999999993 ],
					"bp.ADSR2::Release" : [ 50.0 ],
					"bp.ADSR2::Sustain" : [ 80.0 ],
					"bp.ADSR2::attack curve" : [ 1.0 ],
					"bp.ADSR2::decay curve" : [ 1.0 ],
					"bp.ADSR2::mute" : [ 0.0 ],
					"bp.ADSR2::release curve" : [ 1.0 ],
					"bp.Audio Mixer::Mute" : [ 0.0 ],
					"bp.Audio Mixer::MuteCh1" : [ 0.0 ],
					"bp.Audio Mixer::MuteCh1[2]" : [ 0.0 ],
					"bp.Audio Mixer::MuteCh2" : [ 0.0 ],
					"bp.Audio Mixer::MuteCh4" : [ 0.0 ],
					"bp.Audio Mixer::in1" : [ -14.740157480314949 ],
					"bp.Audio Mixer::in2" : [ -51.023622047244125 ],
					"bp.Audio Mixer::in3" : [ -10.204724409448815 ],
					"bp.Audio Mixer::in4" : [ -72.0 ],
					"bp.Reverb 1::Cutoff" : [ 12531.810714000002918 ],
					"bp.Reverb 1::Mix" : [ 71.811024000000003 ],
					"bp.Reverb 1::Reflections" : [ 88.661417 ],
					"bp.Reverb 1::Time" : [ 2141.732282999999825 ],
					"bp.Reverb 1::bypass" : [ 0.0 ],
					"bp.Cloud::CV2" : [ 0.0 ],
					"bp.Cloud::CV3" : [ 0.0 ],
					"bp.Cloud::Fatness" : [ 0.7 ],
					"bp.Cloud::Freq" : [ 261.625565000000051 ],
					"bp.Cloud::FreqMode" : [ 1.0 ],
					"bp.Cloud::Linear" : [ 0.0 ],
					"bp.Cloud::Mute" : [ 0.0 ],
					"bp.Cloud::Offset[2]" : [ 0.0 ],
					"bp.Cloud::WaveformCloud" : [ 1.0 ],
					"bp.Oscillator::CV2" : [ 0.0 ],
					"bp.Oscillator::CV3" : [ 0.0 ],
					"bp.Oscillator::Freq" : [ 261.625565410470585 ],
					"bp.Oscillator::FreqMode" : [ 1.0 ],
					"bp.Oscillator::Linear" : [ 0.0 ],
					"bp.Oscillator::Mute" : [ 0.0 ],
					"bp.Oscillator::Offset" : [ 0.0 ],
					"bp.Oscillator::PW" : [ 50.0 ],
					"bp.Oscillator::PWM" : [ 40.15748031496075 ],
					"bp.Oscillator::Waveform" : [ 1.0 ],
					"bp.LFO3::CV" : [ 45.669291338582759 ],
					"bp.LFO3::Frequency" : [ 23.221469238403216 ],
					"bp.LFO3::Mute" : [ 0.0 ],
					"bp.LFO3::SpectraShape" : [ 0.0 ]
				}

			}
,
			"3" : 			{
				"id" : 3,
				"data" : 				{
					"bp.Keyboard::KeyboardMode" : [ 1.0 ],
					"bp.Keyboard::MIDIPort" : [ "to Max 1" ],
					"bp.Keyboard::Octave" : [ 0.0 ],
					"bp.Keyboard::RepeatInterval" : [ 250.0 ],
					"bp.Keyboard::kslider" : [ -1 ],
					"bp.Keyboard::live.text" : [ 1.0 ],
					"bp.Keyboard::octave" : [ 2.0 ],
					"bp.Keyboard::velocity" : [ 64 ],
					"bp.Keyboard::pitch" : [ 0.333333333333333 ],
					"bp.Keyboard::patcher::velocity" : [ 0.163990327980656 ],
					"bp.Keyboard::patcher[1]::gate" : [ 5 ],
					"bp.Granular::sample" : [ "cherokee.aif" ],
					"bp.Granular::CV2" : [ 0.0 ],
					"bp.Granular::Duration" : [ 253.800000000000011 ],
					"bp.Granular::DurationRandomAmt" : [ 50.0 ],
					"bp.Granular::MaxGrains" : [ 16.0 ],
					"bp.Granular::Mute" : [ 0.0 ],
					"bp.Granular::NewGrainEvery" : [ 5.0 ],
					"bp.Granular::Offset" : [ 0.0 ],
					"bp.Granular::Pan" : [ 0.0 ],
					"bp.Granular::PanRandomAmt" : [ 50.0 ],
					"bp.Granular::PitchRandomAmt" : [ 0.0 ],
					"bp.Granular::Position" : [ 1.574 ],
					"bp.Granular::PositionCV" : [ 0.0 ],
					"bp.Granular::Width" : [ 0.2275 ],
					"bp.Granular::live.button" : [ 0.0 ],
					"bp.Granular::location-lo-hi" : [ 634, 678 ],
					"bp.VCA::Bypass" : [ 0.0 ],
					"bp.VCA::Quadrants" : [ 0.0 ],
					"bp.VCA::Response" : [ 0.0 ],
					"bp.ADSR2::Attack" : [ 50.0 ],
					"bp.ADSR2::Decay" : [ 49.999999999999993 ],
					"bp.ADSR2::Release" : [ 50.0 ],
					"bp.ADSR2::Sustain" : [ 80.0 ],
					"bp.ADSR2::attack curve" : [ 1.0 ],
					"bp.ADSR2::decay curve" : [ 1.0 ],
					"bp.ADSR2::mute" : [ 0.0 ],
					"bp.ADSR2::release curve" : [ 1.0 ],
					"bp.Audio Mixer::Mute" : [ 0.0 ],
					"bp.Audio Mixer::MuteCh1" : [ 0.0 ],
					"bp.Audio Mixer::MuteCh1[2]" : [ 0.0 ],
					"bp.Audio Mixer::MuteCh2" : [ 0.0 ],
					"bp.Audio Mixer::MuteCh4" : [ 0.0 ],
					"bp.Audio Mixer::in1" : [ -26.64566929133855 ],
					"bp.Audio Mixer::in2" : [ -17.574803149606367 ],
					"bp.Audio Mixer::in3" : [ -20.976377952755882 ],
					"bp.Audio Mixer::in4" : [ -72.0 ],
					"bp.Reverb 1::Cutoff" : [ 12531.810714000002918 ],
					"bp.Reverb 1::Mix" : [ 71.811024000000003 ],
					"bp.Reverb 1::Reflections" : [ 88.661417 ],
					"bp.Reverb 1::Time" : [ 2141.732282999999825 ],
					"bp.Reverb 1::bypass" : [ 0.0 ],
					"bp.Cloud::CV2" : [ 0.0 ],
					"bp.Cloud::CV3" : [ 0.0 ],
					"bp.Cloud::Fatness" : [ 0.7 ],
					"bp.Cloud::Freq" : [ 261.625565000000051 ],
					"bp.Cloud::FreqMode" : [ 1.0 ],
					"bp.Cloud::Linear" : [ 0.0 ],
					"bp.Cloud::Mute" : [ 0.0 ],
					"bp.Cloud::Offset[2]" : [ 0.0 ],
					"bp.Cloud::WaveformCloud" : [ 1.0 ],
					"bp.Oscillator::CV2" : [ 0.0 ],
					"bp.Oscillator::CV3" : [ 0.0 ],
					"bp.Oscillator::Freq" : [ 261.625565410470585 ],
					"bp.Oscillator::FreqMode" : [ 1.0 ],
					"bp.Oscillator::Linear" : [ 0.0 ],
					"bp.Oscillator::Mute" : [ 0.0 ],
					"bp.Oscillator::Offset" : [ 0.0 ],
					"bp.Oscillator::PW" : [ 50.0 ],
					"bp.Oscillator::PWM" : [ 59.055118110236307 ],
					"bp.Oscillator::Waveform" : [ 3.0 ],
					"bp.LFO3::CV" : [ 28.346456692913492 ],
					"bp.LFO3::Frequency" : [ 4.103761829015189 ],
					"bp.LFO3::Mute" : [ 0.0 ],
					"bp.LFO3::SpectraShape" : [ 0.0 ]
				}

			}

		}

	}

}
