{
	"pattrstorage" : 	{
		"name" : "u348007201",
		"slots" : 		{
			"1" : 			{
				"id" : 1,
				"data" : 				{
					"bp.Granular::sample" : [ "cherokee.aif" ],
					"bp.Granular::CV2" : [ 0.0 ],
					"bp.Granular::Duration" : [ 172.0 ],
					"bp.Granular::DurationRandomAmt" : [ 50.0 ],
					"bp.Granular::MaxGrains" : [ 16.0 ],
					"bp.Granular::Mute" : [ 0.0 ],
					"bp.Granular::NewGrainEvery" : [ 5.0 ],
					"bp.Granular::Offset" : [ 0.0 ],
					"bp.Granular::Pan" : [ 0.0 ],
					"bp.Granular::PanRandomAmt" : [ 50.0 ],
					"bp.Granular::PitchRandomAmt" : [ 0.0 ],
					"bp.Granular::Position" : [ -0.64 ],
					"bp.Granular::PositionCV" : [ 0.0 ],
					"bp.Granular::Width" : [ 0.21 ],
					"bp.Granular::live.button" : [ 0.0 ],
					"bp.Granular::location-lo-hi" : [ 415, 455 ],
					"bp.VCA::Bypass" : [ 0.0 ],
					"bp.VCA::Quadrants" : [ 0.0 ],
					"bp.VCA::Response" : [ 0.0 ],
					"bp.Keyboard::KeyboardMode" : [ 0.0 ],
					"bp.Keyboard::MIDIPort" : [ "to Max 1" ],
					"bp.Keyboard::Octave" : [ 0.0 ],
					"bp.Keyboard::RepeatInterval" : [ 250.0 ],
					"bp.Keyboard::kslider" : [ -1 ],
					"bp.Keyboard::live.text" : [ 1.0 ],
					"bp.Keyboard::octave" : [ 2.0 ],
					"bp.Keyboard::velocity" : [ 64 ],
					"bp.Keyboard::pitch" : [ 0.0 ],
					"bp.Keyboard::patcher::velocity" : [ 1.475912951825904 ],
					"bp.Keyboard::patcher[1]::gate" : [ 0 ],
					"bp.ADSR2::Attack" : [ 50.0 ],
					"bp.ADSR2::Decay" : [ 49.999999999999993 ],
					"bp.ADSR2::Release" : [ 50.0 ],
					"bp.ADSR2::Sustain" : [ 80.0 ],
					"bp.ADSR2::attack curve" : [ 1.0 ],
					"bp.ADSR2::decay curve" : [ 1.0 ],
					"bp.ADSR2::mute" : [ 0.0 ],
					"bp.ADSR2::release curve" : [ 1.0 ],
					"bp.Audio Mixer::Mute" : [ 0.0 ],
					"bp.Audio Mixer::MuteCh1" : [ 0.0 ],
					"bp.Audio Mixer::MuteCh1[2]" : [ 0.0 ],
					"bp.Audio Mixer::MuteCh2" : [ 0.0 ],
					"bp.Audio Mixer::MuteCh4" : [ 0.0 ],
					"bp.Audio Mixer::in1" : [ -0.000000000000099 ],
					"bp.Audio Mixer::in2" : [ -13.606299212598401 ],
					"bp.Audio Mixer::in3" : [ -11.338582677165462 ],
					"bp.Audio Mixer::in4" : [ -72.0 ],
					"bp.Reverb 1::Cutoff" : [ 12531.810714000002918 ],
					"bp.Reverb 1::Mix" : [ 80.472441322834641 ],
					"bp.Reverb 1::Reflections" : [ 88.661417 ],
					"bp.Reverb 1::Time" : [ 6472.440944417314313 ],
					"bp.Reverb 1::bypass" : [ 0.0 ],
					"bp.Cloud::CV2" : [ 0.0 ],
					"bp.Cloud::CV3" : [ 0.0 ],
					"bp.Cloud::Fatness" : [ 0.7 ],
					"bp.Cloud::Freq" : [ 261.625565410470585 ],
					"bp.Cloud::FreqMode" : [ 1.0 ],
					"bp.Cloud::Linear" : [ 0.0 ],
					"bp.Cloud::Mute" : [ 0.0 ],
					"bp.Cloud::Offset[2]" : [ 0.0 ],
					"bp.Cloud::WaveformCloud" : [ 1.0 ],
					"bp.Oscillator::CV2" : [ 0.0 ],
					"bp.Oscillator::CV3" : [ 0.0 ],
					"bp.Oscillator::Freq" : [ 261.625565410470585 ],
					"bp.Oscillator::FreqMode" : [ 1.0 ],
					"bp.Oscillator::Linear" : [ 0.0 ],
					"bp.Oscillator::Mute" : [ 0.0 ],
					"bp.Oscillator::Offset" : [ 0.0 ],
					"bp.Oscillator::PW" : [ 53.54330708661422 ],
					"bp.Oscillator::PWM" : [ 100.0 ],
					"bp.Oscillator::Waveform" : [ 3.0 ],
					"bp.LFO3::CV" : [ 7.874015748031529 ],
					"bp.LFO3::Frequency" : [ 58.354859979606175 ],
					"bp.LFO3::Mute" : [ 0.0 ],
					"bp.LFO3::SpectraShape" : [ 0.0 ]
				}

			}
,
			"2" : 			{
				"id" : 2,
				"data" : 				{
					"bp.Granular::sample" : [ "cherokee.aif" ],
					"bp.Granular::CV2" : [ 0.0 ],
					"bp.Granular::Duration" : [ 172.0 ],
					"bp.Granular::DurationRandomAmt" : [ 50.0 ],
					"bp.Granular::MaxGrains" : [ 16.0 ],
					"bp.Granular::Mute" : [ 0.0 ],
					"bp.Granular::NewGrainEvery" : [ 5.0 ],
					"bp.Granular::Offset" : [ 0.0 ],
					"bp.Granular::Pan" : [ 0.0 ],
					"bp.Granular::PanRandomAmt" : [ 50.0 ],
					"bp.Granular::PitchRandomAmt" : [ 0.0 ],
					"bp.Granular::Position" : [ -1.734 ],
					"bp.Granular::PositionCV" : [ 0.0 ],
					"bp.Granular::Width" : [ 0.21 ],
					"bp.Granular::live.button" : [ 0.0 ],
					"bp.Granular::location-lo-hi" : [ 306, 346 ],
					"bp.VCA::Bypass" : [ 0.0 ],
					"bp.VCA::Quadrants" : [ 0.0 ],
					"bp.VCA::Response" : [ 0.0 ],
					"bp.Keyboard::KeyboardMode" : [ 0.0 ],
					"bp.Keyboard::MIDIPort" : [ "to Max 1" ],
					"bp.Keyboard::Octave" : [ 0.0 ],
					"bp.Keyboard::RepeatInterval" : [ 250.0 ],
					"bp.Keyboard::kslider" : [ -1 ],
					"bp.Keyboard::live.text" : [ 1.0 ],
					"bp.Keyboard::octave" : [ 2.0 ],
					"bp.Keyboard::velocity" : [ 64 ],
					"bp.Keyboard::pitch" : [ 0.583333333333334 ],
					"bp.Keyboard::patcher::velocity" : [ 0.297910595821192 ],
					"bp.Keyboard::patcher[1]::gate" : [ 0 ],
					"bp.ADSR2::Attack" : [ 50.0 ],
					"bp.ADSR2::Decay" : [ 49.999999999999993 ],
					"bp.ADSR2::Release" : [ 50.0 ],
					"bp.ADSR2::Sustain" : [ 80.0 ],
					"bp.ADSR2::attack curve" : [ 1.0 ],
					"bp.ADSR2::decay curve" : [ 1.0 ],
					"bp.ADSR2::mute" : [ 0.0 ],
					"bp.ADSR2::release curve" : [ 1.0 ],
					"bp.Audio Mixer::Mute" : [ 0.0 ],
					"bp.Audio Mixer::MuteCh1" : [ 0.0 ],
					"bp.Audio Mixer::MuteCh1[2]" : [ 0.0 ],
					"bp.Audio Mixer::MuteCh2" : [ 0.0 ],
					"bp.Audio Mixer::MuteCh4" : [ 0.0 ],
					"bp.Audio Mixer::in1" : [ -13.606299212598501 ],
					"bp.Audio Mixer::in2" : [ -13.606299212598401 ],
					"bp.Audio Mixer::in3" : [ -31.748031496063071 ],
					"bp.Audio Mixer::in4" : [ -72.0 ],
					"bp.Reverb 1::Cutoff" : [ 12531.810714000002918 ],
					"bp.Reverb 1::Mix" : [ 80.472441322834641 ],
					"bp.Reverb 1::Reflections" : [ 88.661417 ],
					"bp.Reverb 1::Time" : [ 6472.440944417314313 ],
					"bp.Reverb 1::bypass" : [ 0.0 ],
					"bp.Cloud::CV2" : [ 0.0 ],
					"bp.Cloud::CV3" : [ 0.0 ],
					"bp.Cloud::Fatness" : [ 0.7 ],
					"bp.Cloud::Freq" : [ 261.625565410470585 ],
					"bp.Cloud::FreqMode" : [ 1.0 ],
					"bp.Cloud::Linear" : [ 0.0 ],
					"bp.Cloud::Mute" : [ 0.0 ],
					"bp.Cloud::Offset[2]" : [ 0.0 ],
					"bp.Cloud::WaveformCloud" : [ 1.0 ],
					"bp.Oscillator::CV2" : [ 0.0 ],
					"bp.Oscillator::CV3" : [ 0.0 ],
					"bp.Oscillator::Freq" : [ 261.625565410470585 ],
					"bp.Oscillator::FreqMode" : [ 1.0 ],
					"bp.Oscillator::Linear" : [ 0.0 ],
					"bp.Oscillator::Mute" : [ 0.0 ],
					"bp.Oscillator::Offset" : [ 0.0 ],
					"bp.Oscillator::PW" : [ 53.54330708661422 ],
					"bp.Oscillator::PWM" : [ 100.0 ],
					"bp.Oscillator::Waveform" : [ 3.0 ],
					"bp.LFO3::CV" : [ 30.70866141732284 ],
					"bp.LFO3::Frequency" : [ 24.118213913159266 ],
					"bp.LFO3::Mute" : [ 0.0 ],
					"bp.LFO3::SpectraShape" : [ 0.0 ]
				}

			}
,
			"3" : 			{
				"id" : 3,
				"data" : 				{
					"bp.Granular::sample" : [ "cherokee.aif" ],
					"bp.Granular::CV2" : [ 0.0 ],
					"bp.Granular::Duration" : [ 172.0 ],
					"bp.Granular::DurationRandomAmt" : [ 50.0 ],
					"bp.Granular::MaxGrains" : [ 16.0 ],
					"bp.Granular::Mute" : [ 0.0 ],
					"bp.Granular::NewGrainEvery" : [ 5.0 ],
					"bp.Granular::Offset" : [ 0.0 ],
					"bp.Granular::Pan" : [ 0.0 ],
					"bp.Granular::PanRandomAmt" : [ 50.0 ],
					"bp.Granular::PitchRandomAmt" : [ 0.0 ],
					"bp.Granular::Position" : [ -1.734 ],
					"bp.Granular::PositionCV" : [ 0.0 ],
					"bp.Granular::Width" : [ 0.21 ],
					"bp.Granular::live.button" : [ 0.0 ],
					"bp.Granular::location-lo-hi" : [ 306, 346 ],
					"bp.VCA::Bypass" : [ 0.0 ],
					"bp.VCA::Quadrants" : [ 0.0 ],
					"bp.VCA::Response" : [ 0.0 ],
					"bp.Keyboard::KeyboardMode" : [ 0.0 ],
					"bp.Keyboard::MIDIPort" : [ "to Max 1" ],
					"bp.Keyboard::Octave" : [ 0.0 ],
					"bp.Keyboard::RepeatInterval" : [ 250.0 ],
					"bp.Keyboard::kslider" : [ -1 ],
					"bp.Keyboard::live.text" : [ 1.0 ],
					"bp.Keyboard::octave" : [ 2.0 ],
					"bp.Keyboard::velocity" : [ 64 ],
					"bp.Keyboard::pitch" : [ 1.166666666666667 ],
					"bp.Keyboard::patcher::velocity" : [ 0.163990327980656 ],
					"bp.Keyboard::patcher[1]::gate" : [ 0 ],
					"bp.ADSR2::Attack" : [ 50.0 ],
					"bp.ADSR2::Decay" : [ 49.999999999999993 ],
					"bp.ADSR2::Release" : [ 50.0 ],
					"bp.ADSR2::Sustain" : [ 80.0 ],
					"bp.ADSR2::attack curve" : [ 1.0 ],
					"bp.ADSR2::decay curve" : [ 1.0 ],
					"bp.ADSR2::mute" : [ 0.0 ],
					"bp.ADSR2::release curve" : [ 1.0 ],
					"bp.Audio Mixer::Mute" : [ 0.0 ],
					"bp.Audio Mixer::MuteCh1" : [ 0.0 ],
					"bp.Audio Mixer::MuteCh1[2]" : [ 0.0 ],
					"bp.Audio Mixer::MuteCh2" : [ 0.0 ],
					"bp.Audio Mixer::MuteCh4" : [ 0.0 ],
					"bp.Audio Mixer::in1" : [ -13.606299212598501 ],
					"bp.Audio Mixer::in2" : [ -31.181102362204669 ],
					"bp.Audio Mixer::in3" : [ -12.472440944882003 ],
					"bp.Audio Mixer::in4" : [ -72.0 ],
					"bp.Reverb 1::Cutoff" : [ 12531.810714000002918 ],
					"bp.Reverb 1::Mix" : [ 80.472441322834641 ],
					"bp.Reverb 1::Reflections" : [ 88.661417 ],
					"bp.Reverb 1::Time" : [ 6472.440944417314313 ],
					"bp.Reverb 1::bypass" : [ 0.0 ],
					"bp.Cloud::CV2" : [ 0.0 ],
					"bp.Cloud::CV3" : [ 0.0 ],
					"bp.Cloud::Fatness" : [ 0.7 ],
					"bp.Cloud::Freq" : [ 261.625565410470585 ],
					"bp.Cloud::FreqMode" : [ 1.0 ],
					"bp.Cloud::Linear" : [ 0.0 ],
					"bp.Cloud::Mute" : [ 0.0 ],
					"bp.Cloud::Offset[2]" : [ 0.0 ],
					"bp.Cloud::WaveformCloud" : [ 1.0 ],
					"bp.Oscillator::CV2" : [ 0.0 ],
					"bp.Oscillator::CV3" : [ 0.0 ],
					"bp.Oscillator::Freq" : [ 261.625565410470585 ],
					"bp.Oscillator::FreqMode" : [ 1.0 ],
					"bp.Oscillator::Linear" : [ 0.0 ],
					"bp.Oscillator::Mute" : [ 0.0 ],
					"bp.Oscillator::Offset" : [ 0.0 ],
					"bp.Oscillator::PW" : [ 53.54330708661422 ],
					"bp.Oscillator::PWM" : [ 100.0 ],
					"bp.Oscillator::Waveform" : [ 2.0 ],
					"bp.LFO3::CV" : [ 30.70866141732284 ],
					"bp.LFO3::Frequency" : [ 24.118213913159266 ],
					"bp.LFO3::Mute" : [ 0.0 ],
					"bp.LFO3::SpectraShape" : [ 0.0 ]
				}

			}

		}

	}

}
