{
	"pattrstorage" : 	{
		"name" : "u801002502",
		"slots" : 		{
			"1" : 			{
				"id" : 1,
				"data" : 				{
					"bp.Oscillator::CV2" : [ 0.0 ],
					"bp.Oscillator::CV3" : [ 0.0 ],
					"bp.Oscillator::Freq" : [ 261.625565410470585 ],
					"bp.Oscillator::FreqMode" : [ 1.0 ],
					"bp.Oscillator::Linear" : [ 0.0 ],
					"bp.Oscillator::Mute" : [ 0.0 ],
					"bp.Oscillator::Offset" : [ 0.0 ],
					"bp.Oscillator::PW" : [ 50.0 ],
					"bp.Oscillator::PWM" : [ 0.0 ],
					"bp.Oscillator::Waveform" : [ 2.0 ],
					"bp.Macro Oscillator::CV2" : [ 0.0 ],
					"bp.Macro Oscillator::CV3" : [ 0.0 ],
					"bp.Macro Oscillator::Color" : [ -1.49606299212598 ],
					"bp.Macro Oscillator::ColorCV" : [ 0.0 ],
					"bp.Macro Oscillator::Freq" : [ 232.869956220131741 ],
					"bp.Macro Oscillator::FreqMode" : [ 1.0 ],
					"bp.Macro Oscillator::Macro" : [ 0 ],
					"bp.Macro Oscillator::Mute" : [ 0.0 ],
					"bp.Macro Oscillator::Offset[2]" : [ -2.015748031496059 ],
					"bp.Macro Oscillator::Timbre" : [ 3.228346456692908 ],
					"bp.Macro Oscillator::TimbreCV" : [ 0.0 ],
					"bp.Audio Mixer::Mute" : [ 0.0 ],
					"bp.Audio Mixer::MuteCh1" : [ 0.0 ],
					"bp.Audio Mixer::MuteCh1[2]" : [ 0.0 ],
					"bp.Audio Mixer::MuteCh2" : [ 0.0 ],
					"bp.Audio Mixer::MuteCh4" : [ 0.0 ],
					"bp.Audio Mixer::in1" : [ 0.0 ],
					"bp.Audio Mixer::in2" : [ -10.204724409448801 ],
					"bp.Audio Mixer::in3" : [ -72.0 ],
					"bp.Audio Mixer::in4" : [ -72.0 ],
					"bp.VCA::Bypass" : [ 0.0 ],
					"bp.VCA::Quadrants" : [ 0.0 ],
					"bp.VCA::Response" : [ 0.0 ],
					"bp.ADSR::Attack" : [ 199.19939558345439 ],
					"bp.ADSR::Decay" : [ 49.999999999999993 ],
					"bp.ADSR::Legato" : [ 0.0 ],
					"bp.ADSR::Mute" : [ 0.0 ],
					"bp.ADSR::Release" : [ 500.0 ],
					"bp.ADSR::Sustain" : [ 70.0 ],
					"bp.Keyboard::KeyboardMode" : [ 0.0 ],
					"bp.Keyboard::MIDIPort" : [ "to Max 1" ],
					"bp.Keyboard::Octave" : [ 0.0 ],
					"bp.Keyboard::RepeatInterval" : [ 250.0 ],
					"bp.Keyboard::kslider" : [ -1 ],
					"bp.Keyboard::live.text" : [ 1.0 ],
					"bp.Keyboard::octave" : [ 2.0 ],
					"bp.Keyboard::velocity" : [ 64 ],
					"bp.Keyboard::pitch" : [ 0.333333333333333 ],
					"bp.Keyboard::patcher::velocity" : [ 0.297910595821192 ],
					"bp.Keyboard::patcher[1]::gate" : [ 0 ],
					"bp.Reverb 1::Cutoff" : [ 14335.448881302707377 ],
					"bp.Reverb 1::Mix" : [ 52.913386204724446 ],
					"bp.Reverb 1::Reflections" : [ 88.661417 ],
					"bp.Reverb 1::Time" : [ 4346.456692448818103 ],
					"bp.Reverb 1::bypass" : [ 0.0 ],
					"bp.Reverb 1[1]::Cutoff" : [ 12531.810714000002918 ],
					"bp.Reverb 1[1]::Mix" : [ 71.811024000000003 ],
					"bp.Reverb 1[1]::Reflections" : [ 88.661417 ],
					"bp.Reverb 1[1]::Time" : [ 4346.456692448815375 ],
					"bp.Reverb 1[1]::bypass" : [ 0.0 ]
				}

			}
,
			"2" : 			{
				"id" : 2,
				"data" : 				{
					"bp.Oscillator::CV2" : [ 0.0 ],
					"bp.Oscillator::CV3" : [ 0.0 ],
					"bp.Oscillator::Freq" : [ 261.625565410470585 ],
					"bp.Oscillator::FreqMode" : [ 1.0 ],
					"bp.Oscillator::Linear" : [ 0.0 ],
					"bp.Oscillator::Mute" : [ 0.0 ],
					"bp.Oscillator::Offset" : [ 0.0 ],
					"bp.Oscillator::PW" : [ 50.0 ],
					"bp.Oscillator::PWM" : [ 0.0 ],
					"bp.Oscillator::Waveform" : [ 3.0 ],
					"bp.Macro Oscillator::CV2" : [ 0.0 ],
					"bp.Macro Oscillator::CV3" : [ 0.0 ],
					"bp.Macro Oscillator::Color" : [ -1.49606299212598 ],
					"bp.Macro Oscillator::ColorCV" : [ 0.0 ],
					"bp.Macro Oscillator::Freq" : [ 232.869956220131741 ],
					"bp.Macro Oscillator::FreqMode" : [ 1.0 ],
					"bp.Macro Oscillator::Macro" : [ 0 ],
					"bp.Macro Oscillator::Mute" : [ 0.0 ],
					"bp.Macro Oscillator::Offset[2]" : [ -2.015748031496059 ],
					"bp.Macro Oscillator::Timbre" : [ 3.228346456692908 ],
					"bp.Macro Oscillator::TimbreCV" : [ 0.0 ],
					"bp.Audio Mixer::Mute" : [ 0.0 ],
					"bp.Audio Mixer::MuteCh1" : [ 0.0 ],
					"bp.Audio Mixer::MuteCh1[2]" : [ 0.0 ],
					"bp.Audio Mixer::MuteCh2" : [ 0.0 ],
					"bp.Audio Mixer::MuteCh4" : [ 0.0 ],
					"bp.Audio Mixer::in1" : [ 0.0 ],
					"bp.Audio Mixer::in2" : [ -62.929133858267612 ],
					"bp.Audio Mixer::in3" : [ -72.0 ],
					"bp.Audio Mixer::in4" : [ -72.0 ],
					"bp.VCA::Bypass" : [ 0.0 ],
					"bp.VCA::Quadrants" : [ 0.0 ],
					"bp.VCA::Response" : [ 0.0 ],
					"bp.ADSR::Attack" : [ 199.19939558345439 ],
					"bp.ADSR::Decay" : [ 49.999999999999993 ],
					"bp.ADSR::Legato" : [ 0.0 ],
					"bp.ADSR::Mute" : [ 0.0 ],
					"bp.ADSR::Release" : [ 500.0 ],
					"bp.ADSR::Sustain" : [ 70.0 ],
					"bp.Keyboard::KeyboardMode" : [ 0.0 ],
					"bp.Keyboard::MIDIPort" : [ "to Max 1" ],
					"bp.Keyboard::Octave" : [ 0.0 ],
					"bp.Keyboard::RepeatInterval" : [ 250.0 ],
					"bp.Keyboard::kslider" : [ -1 ],
					"bp.Keyboard::live.text" : [ 1.0 ],
					"bp.Keyboard::octave" : [ 2.0 ],
					"bp.Keyboard::velocity" : [ 64 ],
					"bp.Keyboard::pitch" : [ -0.666666666666666 ],
					"bp.Keyboard::patcher::velocity" : [ 1.079112158224316 ],
					"bp.Keyboard::patcher[1]::gate" : [ 0 ],
					"bp.Reverb 1::Cutoff" : [ 14335.448881302707377 ],
					"bp.Reverb 1::Mix" : [ 52.913386204724446 ],
					"bp.Reverb 1::Reflections" : [ 88.661417 ],
					"bp.Reverb 1::Time" : [ 4346.456692448818103 ],
					"bp.Reverb 1::bypass" : [ 0.0 ],
					"bp.Reverb 1[1]::Cutoff" : [ 12531.810714000002918 ],
					"bp.Reverb 1[1]::Mix" : [ 71.811024000000003 ],
					"bp.Reverb 1[1]::Reflections" : [ 88.661417 ],
					"bp.Reverb 1[1]::Time" : [ 4346.456692448815375 ],
					"bp.Reverb 1[1]::bypass" : [ 0.0 ]
				}

			}
,
			"3" : 			{
				"id" : 3,
				"data" : 				{
					"bp.Oscillator::CV2" : [ 0.0 ],
					"bp.Oscillator::CV3" : [ 0.0 ],
					"bp.Oscillator::Freq" : [ 261.625565410470585 ],
					"bp.Oscillator::FreqMode" : [ 1.0 ],
					"bp.Oscillator::Linear" : [ 0.0 ],
					"bp.Oscillator::Mute" : [ 0.0 ],
					"bp.Oscillator::Offset" : [ 0.0 ],
					"bp.Oscillator::PW" : [ 50.0 ],
					"bp.Oscillator::PWM" : [ 0.0 ],
					"bp.Oscillator::Waveform" : [ 0.0 ],
					"bp.Macro Oscillator::CV2" : [ 0.0 ],
					"bp.Macro Oscillator::CV3" : [ 0.0 ],
					"bp.Macro Oscillator::Color" : [ -1.49606299212598 ],
					"bp.Macro Oscillator::ColorCV" : [ 0.0 ],
					"bp.Macro Oscillator::Freq" : [ 232.869956220131741 ],
					"bp.Macro Oscillator::FreqMode" : [ 1.0 ],
					"bp.Macro Oscillator::Macro" : [ 0 ],
					"bp.Macro Oscillator::Mute" : [ 0.0 ],
					"bp.Macro Oscillator::Offset[2]" : [ -2.015748031496059 ],
					"bp.Macro Oscillator::Timbre" : [ 3.228346456692908 ],
					"bp.Macro Oscillator::TimbreCV" : [ 0.0 ],
					"bp.Audio Mixer::Mute" : [ 0.0 ],
					"bp.Audio Mixer::MuteCh1" : [ 0.0 ],
					"bp.Audio Mixer::MuteCh1[2]" : [ 0.0 ],
					"bp.Audio Mixer::MuteCh2" : [ 0.0 ],
					"bp.Audio Mixer::MuteCh4" : [ 0.0 ],
					"bp.Audio Mixer::in1" : [ 0.0 ],
					"bp.Audio Mixer::in2" : [ -62.929133858267612 ],
					"bp.Audio Mixer::in3" : [ -72.0 ],
					"bp.Audio Mixer::in4" : [ -72.0 ],
					"bp.VCA::Bypass" : [ 0.0 ],
					"bp.VCA::Quadrants" : [ 0.0 ],
					"bp.VCA::Response" : [ 0.0 ],
					"bp.ADSR::Attack" : [ 199.19939558345439 ],
					"bp.ADSR::Decay" : [ 49.999999999999993 ],
					"bp.ADSR::Legato" : [ 0.0 ],
					"bp.ADSR::Mute" : [ 0.0 ],
					"bp.ADSR::Release" : [ 500.0 ],
					"bp.ADSR::Sustain" : [ 70.0 ],
					"bp.Keyboard::KeyboardMode" : [ 0.0 ],
					"bp.Keyboard::MIDIPort" : [ "to Max 1" ],
					"bp.Keyboard::Octave" : [ 0.0 ],
					"bp.Keyboard::RepeatInterval" : [ 250.0 ],
					"bp.Keyboard::kslider" : [ -1 ],
					"bp.Keyboard::live.text" : [ 1.0 ],
					"bp.Keyboard::octave" : [ 2.0 ],
					"bp.Keyboard::velocity" : [ 64 ],
					"bp.Keyboard::pitch" : [ -0.666666666666666 ],
					"bp.Keyboard::patcher::velocity" : [ 1.079112158224316 ],
					"bp.Keyboard::patcher[1]::gate" : [ 0 ],
					"bp.Reverb 1::Cutoff" : [ 14335.448881302707377 ],
					"bp.Reverb 1::Mix" : [ 52.913386204724446 ],
					"bp.Reverb 1::Reflections" : [ 88.661417 ],
					"bp.Reverb 1::Time" : [ 4346.456692448818103 ],
					"bp.Reverb 1::bypass" : [ 0.0 ],
					"bp.Reverb 1[1]::Cutoff" : [ 12531.810714000002918 ],
					"bp.Reverb 1[1]::Mix" : [ 71.811024000000003 ],
					"bp.Reverb 1[1]::Reflections" : [ 88.661417 ],
					"bp.Reverb 1[1]::Time" : [ 4346.456692448815375 ],
					"bp.Reverb 1[1]::bypass" : [ 0.0 ]
				}

			}

		}

	}

}
